"","Ideal model","Conventional model","IV model"
"ex=0.2,uc=-0.07",4.32225364707851e-13,-0.469240262116701,-1.03759455475291
"ex=0.2,uc=-0.08",4.3008666453199e-13,-0.413221843150093,-1.1924566355149
"ex=0.2,uc=-0.09",4.3409672736173e-13,-0.780354125756482,-1.34530891356087
"ex=0.3,uc=-0.07",4.35477971225308e-13,-0.551613398529066,-1.10545454790433
"ex=0.3,uc=-0.08",4.2989358743278e-13,-0.469759098596975,-1.29746251777405
"ex=0.3,uc=-0.09",4.32359033468843e-13,-0.894996367644862,-1.52680397440259
"ex=0.4,uc=-0.07",4.330273772738e-13,-0.612066685728017,-1.33385674562532
"ex=0.4,uc=-0.08",4.31467908395567e-13,-0.531748752351866,-1.52107928250122
"ex=0.4,uc=-0.09",4.34081875277176e-13,-1.01668870869161,-1.79014236018311
