"","Ideal model","Conventional model","IV model"
"pp=0.3,uc=0.3",4.14744461187092e-13,-1.22492253910831,0.451421222075343
"pp=0.3,uc=0.4",4.17670321844347e-13,-0.655461369784812,0.257669463332642
"pp=0.3,uc=0.5",4.17477244745138e-13,-0.892039616135805,0.210805678720296
"pp=0.5,uc=0.3",4.13422625661733e-13,-1.39678499200811,0.557820104925255
"pp=0.5,uc=0.4",4.1573955085225e-13,-0.746207139189532,0.33819016821933
"pp=0.5,uc=0.5",4.16972273870281e-13,-1.02572060018314,0.213578030934494
"pp=0.7,uc=0.3",4.14046413213026e-13,-1.59279775788195,0.663125463228249
"pp=0.7,uc=0.4",4.17417836406919e-13,-0.795362416910502,0.444586022050046
"pp=0.7,uc=0.5",4.17551505167911e-13,-1.17341388381029,0.28571495471445
