"","Ideal model","Conventional model","IV model"
"pp=0.3,uc=-0.07",4.23804232765395e-13,-0.131468400613692,0.0102237163232013
"pp=0.3,uc=-0.08",4.19214938638025e-13,-0.241924752116519,-0.0159541601143497
"pp=0.3,uc=-0.09",4.19378311568126e-13,0.0497703290496094,-0.0151771144912849
"pp=0.5,uc=-0.07",4.23343818144203e-13,-0.113276565947814,-0.149754503043303
"pp=0.5,uc=-0.08",4.1903671362337e-13,-0.293306161287088,-0.00655835252955795
"pp=0.5,uc=-0.09",4.20180324134074e-13,0.0628897355452529,-0.0174201939236702
"pp=0.7,uc=-0.07",4.26492460069777e-13,-0.184113178219101,0.0415891062256602
"pp=0.7,uc=-0.08",4.19437719906344e-13,-0.311772037926308,-0.0293248507093217
"pp=0.7,uc=-0.09",4.23863641103614e-13,0.0475414120078612,-0.0522120849937117
