"","Ideal model","Conventional model","IV model"
"pp=0.3,uc=0.3",4.27561810157708e-13,-0.364001075975711,-0.385040121661649
"pp=0.3,uc=0.4",4.24487428654907e-13,-0.499361240209803,-0.244069384196451
"pp=0.3,uc=0.5",4.26626128830769e-13,-0.591695083042259,-0.183552920356903
"pp=0.5,uc=0.3",4.27769739341473e-13,-0.427314088236893,-0.481364390379533
"pp=0.5,uc=0.4",4.24858730768772e-13,-0.560150145272928,-0.280084875349781
"pp=0.5,uc=0.5",4.29433172811587e-13,-0.685225278652706,-0.188678954091765
"pp=0.7,uc=0.3",4.26551868407996e-13,-0.473536914796981,-0.516541339838936
"pp=0.7,uc=0.4",4.2365571191985e-13,-0.633081769556882,-0.298398392996502
"pp=0.7,uc=0.5",4.27472697650381e-13,-0.763629579809444,-0.235564129165026
