"","Ideal model","Conventional model","IV model"
"pp=0.3,uc=0.3",4.27814295595136e-13,-0.504267498529107,-0.743831436435736
"pp=0.3,uc=0.4",4.23002220199447e-13,-0.601815978674835,-0.410893693952539
"pp=0.3,uc=0.5",4.28779681091185e-13,-0.336230250587319,-0.260070299811469
"pp=0.5,uc=0.3",4.29358912388814e-13,-0.6197475306224,-0.694285760184333
"pp=0.5,uc=0.4",4.23017072284002e-13,-0.697199867563312,-0.416730897777439
"pp=0.5,uc=0.5",4.29878735348225e-13,-0.329474210961318,-0.362995350534601
"pp=0.7,uc=0.3",4.30205481208426e-13,-0.693660791381166,-0.830995986209878
"pp=0.7,uc=0.4",4.22348728479045e-13,-0.806499726305424,-0.483808628868764
"pp=0.7,uc=0.5",4.30116368701099e-13,-0.391197239120961,-0.320430830210073
