"","Ideal model","Conventional model","IV model"
"pp=0.3,uc=0.3",4.17521800998801e-13,-0.460311952540868,0.931777276536416
"pp=0.3,uc=0.4",4.15026650793629e-13,-0.229948189533449,0.537777048817917
"pp=0.3,uc=0.5",4.17655469759793e-13,0.477577950966885,0.403922781659891
"pp=0.5,uc=0.3",4.17848546859003e-13,-0.524793293532898,1.00798233817531
"pp=0.5,uc=0.4",4.16348486318988e-13,-0.241837025560838,0.601786998688464
"pp=0.5,uc=0.5",4.17402984322365e-13,0.541387973087825,0.431531076014253
"pp=0.7,uc=0.3",4.1774458226712e-13,-0.609749307223601,1.19007800872163
"pp=0.7,uc=0.4",4.18695115678615e-13,-0.289039316085511,0.685680743288825
"pp=0.7,uc=0.5",4.18427778156632e-13,0.635603521754505,0.484920787664957
