"","Ideal model","Conventional model","IV model"
"ex=0.2,uc=-0.07",0.0280108336901223,0.027930313545543,0.0279501827386913
"ex=0.2,uc=-0.08",0.028072634330065,0.0279861573124403,0.0280047970829085
"ex=0.2,uc=-0.09",0.0278230164079086,0.0277341710588105,0.0277481880090461
"ex=0.3,uc=-0.07",0.0280421352546055,0.0279445976654923,0.0279480187484909
"ex=0.3,uc=-0.08",0.0281095842870166,0.0279988309908719,0.0280087603168799
"ex=0.3,uc=-0.09",0.0278547687329061,0.0277487405052476,0.0277682656043659
"ex=0.4,uc=-0.07",0.0280868723846149,0.0279572702820997,0.0279854702641095
"ex=0.4,uc=-0.08",0.0281434972217352,0.0280239652346424,0.0280388459163427
"ex=0.4,uc=-0.09",0.0279042238401234,0.0277786344733774,0.0277893614770572
