"","Ideal model","Conventional model","IV model"
"pp=0.3,uc=0.3",0.0279203899056094,0.027850024127606,0.0278681662828911
"pp=0.3,uc=0.4",0.0280256482403616,0.027961800688122,0.0279759439661568
"pp=0.3,uc=0.5",0.0280682645651294,0.0279812570368001,0.0280026937778293
"pp=0.5,uc=0.3",0.0279562085541653,0.0278516311271765,0.0278779704192339
"pp=0.5,uc=0.4",0.0280660986236507,0.0279716327675257,0.027979898955323
"pp=0.5,uc=0.5",0.0280972131836289,0.0280067125248483,0.0280128543024326
"pp=0.7,uc=0.3",0.0280075392033828,0.0278624722218967,0.0278982607073198
"pp=0.7,uc=0.4",0.028116709240334,0.0279981871324507,0.0280068814015359
"pp=0.7,uc=0.5",0.0281574490180802,0.0280235403895151,0.0280434315514832
