"","Ideal model","Conventional model","IV model"
"pp=0.3,uc=-0.07",0.0284535496328178,0.0283746223401278,0.0283783753748067
"pp=0.3,uc=-0.08",0.028381872305292,0.0283098069338686,0.0283162574720242
"pp=0.3,uc=-0.09",0.028417477980269,0.0283397523200553,0.0283404772032239
"pp=0.5,uc=-0.07",0.0285063753866949,0.0284077145551902,0.0283967582793775
"pp=0.5,uc=-0.08",0.0284327138426887,0.0283361594842763,0.0283400143474325
"pp=0.5,uc=-0.09",0.0284713046759141,0.0283582656427159,0.0283688398045081
"pp=0.7,uc=-0.07",0.0285570984586448,0.028438281353784,0.0284290560864326
"pp=0.7,uc=-0.08",0.0284885979579901,0.0283654773473718,0.0283609644335153
"pp=0.7,uc=-0.09",0.0285177123003,0.0283955511590238,0.0283993204080016
