"","Ideal model","Conventional model","IV model"
"ex=0.2,uc=-0.07",0.0283640068777038,0.0282808782478764,0.0282873833318059
"ex=0.2,uc=-0.08",0.0282934987057782,0.0282071963298159,0.0282166538778734
"ex=0.2,uc=-0.09",0.0281024372425625,0.0280202949267563,0.0280274516107144
"ex=0.3,uc=-0.07",0.0284175327459489,0.0283089775084159,0.0283148855521587
"ex=0.3,uc=-0.08",0.0283417056688386,0.0282416382183983,0.0282453171960277
"ex=0.3,uc=-0.09",0.0281466600062585,0.0280479516805783,0.0280529566194818
"ex=0.4,uc=-0.07",0.0284666048401947,0.0283367587122718,0.0283427105681087
"ex=0.4,uc=-0.08",0.0283947536164475,0.0282648265437757,0.0282684141314207
"ex=0.4,uc=-0.09",0.0282053495283964,0.028073812474177,0.0280790557518014
