"","Ideal model","Conventional model","IV model"
"ex=0.2,uc=-0.07",0.0279096324561119,0.0278240860768179,0.0278347638867644
"ex=0.2,uc=-0.08",0.0278785018226995,0.0277877954864197,0.0278206266264759
"ex=0.2,uc=-0.09",0.0276425763346449,0.0275423940690442,0.027556371040091
"ex=0.3,uc=-0.07",0.0279536476886571,0.0278559451109832,0.0278759357887271
"ex=0.3,uc=-0.08",0.0279088021250264,0.0278253143281084,0.0278295483324746
"ex=0.3,uc=-0.09",0.0276667292618685,0.0275671674068806,0.0275813702488495
"ex=0.4,uc=-0.07",0.0280008465925557,0.0278765546320266,0.0278913360292536
"ex=0.4,uc=-0.08",0.027964338225963,0.0278519251567265,0.0278593568243381
"ex=0.4,uc=-0.09",0.0277224955815661,0.0275911709203797,0.0276018691921703
